,X,Y,Z,X_r,Y_r,Z_r,G_x,G_y,G_z,dip,azimuth,polarity,surface,series,id,order_series
0,250.0,50.0,-100.0,0.359375,0.5,0.8751,1e-12,1e-12,1.000000000001,0.0,0.0,1.0,top_surface,top_series,1,1
1,700.0,50.0,-300.0,0.6251,0.5,0.6876,1e-12,1e-12,1.000000000001,0.0,0.0,1.0,layer1,middle_series,2,2
2,550.0,50.0,-500.0,0.546875,0.5,0.5626,1e-12,1e-12,1.000000000001,0.0,0.0,1.0,layer2,middle_series,3,2
3,350.0,50.0,-700.0,0.4376,0.5,0.4376,1e-12,1e-12,1.000000000001,0.0,0.0,1.0,basement_surface,basement_series,4,3
4,200.0,50.0,-500.0,0.34375,0.5,0.5626,0.766044443119978,1.0000469066937634e-12,0.6427876096875393,50.0,90.0,1.0,intrusion,intrusion_series,5,4
5,250.0,50.0,-600.0,0.390625,0.5,0.5,0.866025403784439,1.0001060660171775e-12,0.5,60.0,90.0,1.0,intrusion,intrusion_series,5,4