,X,Y,Z,X_r,Y_r,Z_r,G_x,G_y,G_z,dip,azimuth,polarity,surface,series,id,order_series
0,200.0,50.0,0.0,0.375,0.5,0.5,0.0,0.0,1.0,0.0,0.0,1.0,R1,R1_series,1,1
1,225.0,50.0,-225.0,0.40625,0.5,0.21875,1.0,0.0,0.0,90.0,0.0,1.0,R2,R2_series,2,2
2,245.0,50.0,-245.0,0.43125,0.5,0.19375,1.0,0.0,0.0,90.0,0.0,1.0,R3,R3_series,3,2
3,225.0,50.0,-225.0,0.40625,0.5,0.21875,1.0,0.0,0.0,90.0,0.0,1.0,R4,R4_series,4,2
4,235.0,50.0,-235.0,0.41875,0.5,0.20625,1.0,0.0,0.0,90.0,0.0,1.0,R5,R5_series,5,2
5,215.0,50.0,-215.0,0.39375,0.5,0.23125,1.0,0.0,0.0,90.0,0.0,1.0,R6,R6_series,6,2
6,220.0,50.0,-220.0,0.4025,0.5,0.2275,1.0,0.0,0.0,90.0,0.0,1.0,R7,R7_series,7,2
7,210.0,50.0,-210.0,0.3875,0.5,0.2375,1.0,0.0,0.0,90.0,0.0,1.0,R8,R8_series,8,2