,X,Y,Z,X_r,Y_r,Z_r,G_x,G_y,G_z,dip,azimuth,polarity,surface,series,id,order_series
0,250.0,50.0,100.0,0.3751,0.5001,0.7501,1e-12,1e-12,1.000000000001,0.0,0.0,1.0,top_surface,top_series,1,1
1,700.0,50.0,50.0,0.6876,0.5001,0.59385,1e-12,1e-12,1.000000000001,0.0,0.0,1.0,layer1,middle_series,2,2
2,550.0,50.0,-200.0,0.53135,0.5001,0.4376,1e-12,1e-12,1.000000000001,0.0,0.0,1.0,layer2,middle_series,3,2
3,300.0,50.0,-300.0,0.3751,0.5001,0.3751,1.000000000001,1.0000612323399569e-12,1.0000612323399569e-12,90.0,90.0,1.0,basement_layer,basement_series,4,3
4,300.0,50.0,-400.0,0.3751,0.5001,0.3126,0.766044443119978,1.0000469066937634e-12,0.6427876096875393,50.0,90.0,1.0,basement_layer,basement_series,4,3
5,320.0,50.0,0.0,0.3751,0.5001,0.5626,1e-12,1e-12,1.000000000001,0.0,0.0,1.0,intrusion,intrusion_series,5,4
6,420.0,50.0,-100.0,0.46885,0.5001,0.5001,1.000000000001,2.3054614646942163e-12,1.0000612323399569e-12,90.0,89.9999999999252,1.0,intrusion,intrusion_series,5,4
7,250.0,50.0,-50.0,0.3751,0.5001,0.53135,0.766044443119978,1.0000469066937634e-12,0.6427876096875393,49.99999999992522,89.9999999999252,1.0,intrusion,intrusion_series,5,4
8,550.0,50.0,150.0,0.53135,0.5001,0.78125,1e-12,1e-12,1.000000000001,0.0,0.0,1.0,top_surface,top_series,1,1
9,650.0,50.0,-250.0,0.6251,0.5001,0.40625,1e-12,1e-12,1.000000000001,0.0,0.0,1.0,layer2,middle_series,3,2
10,350.0,50.0,50.0,0.4376,0.5001,0.59385,1e-12,1e-12,1.000000000001,0.0,0.0,1.0,layer1,middle_series,2,2