,X,Y,Z,X_r,Y_r,Z_r,G_x,G_y,G_z,dip,azimuth,polarity,surface,series,id,order_series
0,220.0,50.0,-220.0,0.3231,0.5001,0.7301,1e-12,1e-12,1.000000000001,0.0,0.0,1.0,seafloor,seafloor_series,1,1
1,520.0,50.0,-220.0,0.5101,0.5001,0.7301,1e-12,1e-12,1.000000000001,0.0,0.0,1.0,seafloor,seafloor_series,1,1
2,820.0,50.0,-220.0,0.6976,0.5001,0.7301,1e-12,1e-12,1.000000000001,0.0,0.0,1.0,seafloor,seafloor_series,1,1
4,720.0,50.0,-480.0,0.6351,0.5001,0.57385,1e-12,1e-12,1.000000000001,0.0,0.0,1.0,rock1,right_series,2,2
3,920.0,50.0,-480.0,0.7601,0.5001,0.57385,1e-12,1e-12,1.000000000001,0.0,0.0,1.0,rock1,right_series,2,2
6,720.0,50.0,-720.0,0.6351,0.5001,0.4176,1e-12,1e-12,1.000000000001,0.0,0.0,1.0,rock2,right_series,3,2
5,920.0,50.0,-720.0,0.7601,0.5001,0.4176,1e-12,1e-12,1.000000000001,0.0,0.0,1.0,rock2,right_series,3,2
7,320.0,50.0,-220.0,0.3851,0.5001,0.7301,1e-12,1e-12,1.000000000001,0.0,0.0,1.0,onlap_surface,onlap_series,4,3
8,720.0,50.0,-1020.0,0.6351,0.5001,0.2301,1.000000000001,1.0000612323399569e-12,1.0000612323399569e-12,90.0,90.0,1.0,onlap_surface,onlap_series,4,3
9,580.0,50.0,-520.0,0.54135,0.5001,0.5426,0.766044443119978,1.0000469066937634e-12,0.6427876096875393,50.0,90.0,1.0,onlap_surface,onlap_series,4,3
10,120.0,50.0,-420.0,0.2601,0.5001,0.6051,1e-12,1e-12,1.000000000001,0.0,0.0,1.0,rock3,left_series,5,4
11,480.0,50.0,-1020.0,0.47885,0.5001,0.2301,1.000000000001,2.3054614646942163e-12,1.0000612323399569e-12,90.0,89.9999999999252,1.0,rock3,left_series,5,4
12,320.0,50.0,-520.0,0.3851,0.5001,0.5426,0.766044443119978,1.0000469066937634e-12,0.6427876096875393,49.99999999992522,89.9999999999252,1.0,rock3,left_series,5,4
13,400.0,50.0,-800.0,0.4376,0.5001,0.343,0.6427876096875394,1.0000469066937634e-12,0.766044443119978,40.0,90.0,1.0,rock4,left_series,6,4