,X,Y,Z,X_r,Y_r,Z_r,G_x,G_y,G_z,dip,azimuth,polarity,surface,series,id,order_series
0,250.0,50.0,0.0,0.40625,0.5001,0.7501,1e-12,1e-12,1.000000000001,0.0,0.0,1.0,top_surface,top_series,1,1
1,250.0,50.0,-200.0,0.40625,0.5001,0.59385,1e-12,1e-12,1.000000000001,0.0,0.0,1.0,layer1,middle_series,2,2
2,250.0,50.0,-400.0,0.40625,0.5001,0.4376,1e-12,1e-12,1.000000000001,0.0,0.0,1.0,layer2,middle_series,3,2
3,250.0,50.0,-300.0,0.40625,0.5001,0.5001,0.766044443119978,1.0000469066937634e-12,0.6427876096875393,50.0,90.0,1.0,layer3,left_series,4,3
4,250.0,50.0,-100.0,0.40625,0.5001,0.6876,1e-12,1e-12,1.000000000001,0.0,0.0,1.0,basement,basement_series,5,4
5,150.0,50.0,-200.0,0.3126,0.5001,0.59385,0.6427876096875393,1.0000469066937634e-12,0.766044443119978,40.0,270.0,1.0,layer1,middle_series,2,2
6,350.0,50.0,-200.0,0.5001,0.5001,0.59385,0.6427876096875393,1.0000469066937634e-12,-0.766044443119978,40.0,90.0,1.0,layer1,middle_series,2,2
7,100.0,50.0,-450.0,0.2501,0.5001,0.3751,1.000000000001,1.0000612323399569e-12,1.0000612323399569e-12,90.0,90.0,1.0,layer3,left_series,4,3
8,400.0,50.0,-450.0,0.5626,0.5001,0.3751,1.000000000001,1.0000612323399569e-12,-1.0000612323399569e-12,90.0,270.0,1.0,layer3,left_series,4,3