,X,Y,Z,X_r,Y_r,Z_r,G_x,G_y,G_z,dip,azimuth,polarity,surface,series,id,order_series
0,200.0,50.0,0.0,0.3126,0.5001,0.9999,1e-12,1e-12,1.000000000001,0.0,0.0,1.0,top_surface,top_series,1,1
1,500.0,50.0,-200.0,0.5001,0.5001,0.7501,1e-12,1e-12,1.000000000001,0.0,0.0,1.0,layer1,middle_series,2,2
2,700.0,50.0,-400.0,0.6251,0.5001,0.59385,1e-12,1e-12,1.000000000001,0.0,0.0,1.0,layer1,middle_series,2,2
3,400.0,50.0,-500.0,0.46885,0.5001,0.5626,0.766044443119978,1.0000469066937634e-12,0.6427876096875393,50.0,90.0,1.0,layer2,middle_series,3,2
4,600.0,50.0,-600.0,0.5626,0.5001,0.4376,1e-12,1e-12,1.000000000001,0.0,0.0,1.0,layer2,middle_series,3,2
5,600.0,50.0,-800.0,0.5626,0.5001,0.3126,1.000000000001,1.0000612323399569e-12,1.0000612323399569e-12,90.0,90.0,1.0,basement_surface,basement_series,4,3
6,250.0,50.0,-200.0,0.34335,0.5001,0.7501,1e-12,1e-12,1.000000000001,0.0,0.0,1.0,intrusion,intrusion_series,5,4
7,550.0,50.0,-500.0,0.53135,0.5001,0.5626,0.766044443119978,1.0000469066937634e-12,0.6427876096875393,50.0,90.0,1.0,intrusion,intrusion_series,5,4
8,450.0,50.0,-700.0,0.5001,0.5001,0.4067,1.000000000001,1.0000612323399569e-12,1.0000612323399569e-12,90.0,90.0,1.0,basement_surface,basement_series,4,3
9,350.0,50.0,-300.0,0.4376,0.5001,0.6876,1e-12,1e-12,1.000000000001,0.0,0.0,1.0,intrusion,intrusion_series,5,4
10,750.0,50.0,-700.0,0.6561,0.5001,0.4067,1.000000000001,1.0000612323399569e-12,1.0000612323399569e-12,90.0,90.0,1.0,basement_surface,basement_series,4,3