,X,Y,Z,X_r,Y_r,Z_r,G_x,G_y,G_z,dip,azimuth,polarity,surface,series,id,order_series
0,200.0,50.0,0.0,0.3126,0.5001,0.7501,1e-12,1e-12,1.000000000001,0.0,0.0,1.0,top_surface,top_series,1,1
1,400.0,50.0,0.0,0.4376,0.5001,0.7501,1e-12,1e-12,1.000000000001,0.0,0.0,1.0,top_surface,top_series,1,1
2,300.0,50.0,-200.0,0.3751,0.5001,0.59385,1e-12,1e-12,1.000000000001,0.0,0.0,1.0,layer1,middle_series,2,2
3,300.0,50.0,-400.0,0.3751,0.5001,0.4376,1.000000000001,1.0000612323399569e-12,1.0000612323399569e-12,90.0,90.0,1.0,layer2,middle_series,3,2
4,250.0,50.0,-600.0,0.34385,0.5001,0.28135,1e-12,1e-12,1.000000000001,0.0,0.0,1.0,basement_surface,bottom_series,4,3
5,350.0,50.0,-600.0,0.40635,0.5001,0.28135,1.000000000001,1.0000612323399569e-12,1.0000612323399569e-12,90.0,90.0,1.0,basement_surface,bottom_series,4,3
6,150.0,50.0,-200.0,0.28135,0.5001,0.59385,0.766044443119978,1.0000469066937634e-12,0.6427876096875393,50.0,90.0,1.0,intrusion,intrusion_series,5,4
7,150.0,50.0,-400.0,0.28135,0.5001,0.4376,0.766044443119978,1.0000469066937634e-12,0.6427876096875393,50.0,90.0,1.0,intrusion,intrusion_series,5,4
8,250.0,50.0,-300.0,0.34385,0.5001,0.5151,0.9396926207859084,1.1507270388168075e-12,0.3420201432641267,70.0,90.0,1.0,intrusion,intrusion_series,5,4