,X,Y,Z,X_r,Y_r,Z_r,G_x,G_y,G_z,dip,azimuth,polarity,surface,series,id,order_series
0,200.0,50.0,0.0,0.375,0.625,0.5,0.0,0.0,1.0,0.0,0.0,1.0,R1,R1_series,1,1
1,225.0,50.0,-225.0,0.39375,0.625,0.28125,1.0,0.0,0.0,90.0,270.0,1.0,R2,R2_series,2,2
2,250.0,50.0,-250.0,0.4375,0.625,0.21875,0.707106781,0.0,0.707106781,45.0,270.0,1.0,R3,R3_series,3,2
3,220.0,50.0,-220.0,0.4025,0.625,0.28875,0.0,1.0,0.0,90.0,0.0,1.0,R4,R4_series,4,2
4,280.0,50.0,-280.0,0.4725,0.625,0.17875,0.707106781,0.0,-0.707106781,45.0,90.0,1.0,R5,R5_series,5,2
5,240.0,50.0,-240.0,0.4225,0.625,0.25875,1.0,0.0,0.0,90.0,270.0,1.0,R6,R6_series,6,2
6,260.0,50.0,-260.0,0.4525,0.625,0.20875,0.0,1.0,0.0,90.0,0.0,1.0,R7,R7_series,7,2
7,230.0,50.0,-230.0,0.4125,0.625,0.27875,0.707106781,0.0,0.707106781,45.0,270.0,1.0,R8,R8_series,8,2