,X,Y,Z,X_r,Y_r,Z_r,G_x,G_y,G_z,dip,azimuth,polarity,surface,series,id,order_series
0,275.0,50.0,-150.0,0.4376,0.5001,0.6876,1e-12,1e-12,1.000000000001,0.0,0.0,1.0,top_surface,top_series,1,1
1,700.0,50.0,-400.0,0.6876,0.5001,0.5156,1e-12,1e-12,1.000000000001,0.0,0.0,1.0,lith1,middle_series,2,2
2,800.0,50.0,-400.0,0.7501,0.5001,0.5156,0.766044443119978,1.0000469066937634e-12,0.6427876096875393,40.0,90.0,1.0,lith1,middle_series,2,2
3,800.0,50.0,-600.0,0.7501,0.5001,0.3751,1e-12,1e-12,1.000000000001,0.0,0.0,1.0,lith2,middle_series,3,2
4,350.0,50.0,-700.0,0.5001,0.5001,0.34385,1.000000000001,1.0000612323399569e-12,1.0000612323399569e-12,90.0,90.0,1.0,intrusion,intrusion_series,4,3
5,200.0,50.0,-300.0,0.3751,0.5001,0.6876,0.6427876096875393,1e-12,0.766044443119978,50.0,0.0,1.0,basement,basement_series,5,4
6,250.0,50.0,-300.0,0.4376,0.5001,0.6876,1e-12,1e-12,1.000000000001,0.0,0.0,1.0,basement,basement_series,5,4