,X,Y,Z,X_r,Y_r,Z_r,G_x,G_y,G_z,dip,azimuth,polarity,surface,series,id,order_series
0,150.0,50.0,-250.0,0.28125,0.5001,0.71875,1e-12,1e-12,1.000000000001,0.0,0.0,1.0,layer1,layer1_series,1,2
1,450.0,50.0,-350.0,0.46885,0.5001,0.65625,1e-12,1e-12,1.000000000001,0.0,0.0,1.0,layer1,layer1_series,1,2
2,350.0,50.0,-550.0,0.40625,0.5001,0.53135,1e-12,1e-12,1.000000000001,0.0,0.0,1.0,layer2,layer2_series,2,3
3,650.0,50.0,-650.0,0.59375,0.5001,0.46885,1e-12,1e-12,1.000000000001,0.0,0.0,1.0,layer2,layer2_series,2,3
4,200.0,50.0,-900.0,0.3126,0.5001,0.3126,1.000000000001,1.0000612323399569e-12,1.0000612323399569e-12,90.0,90.0,1.0,basement,basement_series,3,4
5,500.0,50.0,-1100.0,0.5001,0.5001,0.2501,1.000000000001,1.0000612323399569e-12,1.0000612323399569e-12,90.0,90.0,1.0,basement,basement_series,3,4
6,300.0,50.0,-450.0,0.3751,0.5001,0.59375,0.766044443119978,1.0000469066937634e-12,0.6427876096875393,50.0,90.0,1.0,intrusion,intrusion_series,4,5
7,500.0,50.0,-750.0,0.5001,0.5001,0.40625,0.766044443119978,1.0000469066937634e-12,0.6427876096875393,50.0,90.0,1.0,intrusion,intrusion_series,4,5