,X,Y,Z,X_r,Y_r,Z_r,G_x,G_y,G_z,dip,azimuth,polarity,surface,series,id,order_series
0,500.0,500.0,0.0,0.5,0.5,0.0,0.0,0.0,1.0,0.0,0.0,1.0,R1,R1_series,1,1
1,500.0,500.0,-200.0,0.5,0.5,-0.2,1.0,0.0,0.0,90.0,0.0,1.0,R2,R2_series,2,2
2,500.0,500.0,-300.0,0.5,0.5,-0.3,0.707106781,0.707106781,0.0,45.0,45.0,1.0,R3,R3_series,3,2
3,500.0,500.0,-400.0,0.5,0.5,-0.4,0.0,1.0,0.0,90.0,90.0,1.0,R4,R4_series,4,2
4,500.0,500.0,-500.0,0.5,0.5,-0.5,0.707106781,-0.707106781,0.0,45.0,315.0,1.0,R5,R5_series,5,2
5,500.0,500.0,-600.0,0.5,0.5,-0.6,1.0,0.0,0.0,90.0,0.0,1.0,R6,R6_series,6,2
6,500.0,500.0,-700.0,0.5,0.5,-0.7,0.0,1.0,0.0,90.0,90.0,1.0,R7,R7_series,7,2
7,500.0,500.0,-800.0,0.5,0.5,-0.8,0.707106781,0.707106781,0.0,45.0,45.0,1.0,R8,R8_series,8,2