,X,Y,Z,X_r,Y_r,Z_r,G_x,G_y,G_z,dip,azimuth,polarity,surface,series,id,order_series
0,200.0,50.0,0.0,0.3126,0.5001,0.5001,1e-12,1e-12,1.000000000001,0.0,0.0,1.0,R1,sedimentary_series,1,1
1,250.0,50.0,-200.0,0.34385,0.5001,0.2501,1e-12,1e-12,1.000000000001,0.0,0.0,1.0,R2,intrusive_series,2,2
2,200.0,50.0,-300.0,0.3126,0.5001,0.1251,1.000000000001,1.0000612323399569e-12,1.0000612323399569e-12,90.0,90.0,1.0,R3,intrusive_series,3,2
3,250.0,50.0,-350.0,0.34385,0.5001,0.0626,0.766044443119978,1.0000469066937634e-12,0.6427876096875393,50.0,90.0,1.0,R4,intrusive_series,4,2
4,250.0,50.0,-400.0,0.34385,0.5001,0.0,1e-12,1e-12,1.000000000001,0.0,0.0,1.0,R5,intrusive_series,5,2
5,250.0,50.0,-450.0,0.34385,0.5001,-0.0626,1.000000000001,1.0000612323399569e-12,1.0000612323399569e-12,90.0,90.0,1.0,R6,intrusive_series,6,2
6,250.0,50.0,-500.0,0.34385,0.5001,-0.1251,0.766044443119978,1.0000469066937634e-12,0.6427876096875393,50.0,90.0,1.0,R7,intrusive_series,7,2
7,250.0,50.0,-550.0,0.34385,0.5001,-0.1876,1e-12,1e-12,1.000000000001,0.0,0.0,1.0,R8,intrusive_series,8,2