,X,Y,Z,X_r,Y_r,Z_r,G_x,G_y,G_z,dip,azimuth,polarity,surface,series,id,order_series
0,200.0,50.0,-100.0,0.3126,0.5001,0.8751,1e-12,1e-12,1.000000000001,0.0,0.0,1.0,top_surface,top_series,1,1
1,400.0,50.0,-100.0,0.4376,0.5001,0.8751,1e-12,1e-12,1.000000000001,0.0,0.0,1.0,top_surface,top_series,1,1
2,300.0,50.0,-250.0,0.3751,0.5001,0.71835,1e-12,1e-12,1.000000000001,0.0,0.0,1.0,layer1,middle_series,2,2
3,500.0,50.0,-250.0,0.5001,0.5001,0.71835,1e-12,1e-12,1.000000000001,0.0,0.0,1.0,layer1,middle_series,2,2
4,350.0,50.0,-450.0,0.40635,0.5001,0.59385,1e-12,1e-12,1.000000000001,0.0,0.0,1.0,layer2,middle_series,3,2
5,250.0,50.0,-450.0,0.3436,0.5001,0.59385,1e-12,1e-12,1.000000000001,0.0,0.0,1.0,layer2,middle_series,3,2
6,250.0,50.0,-650.0,0.3436,0.5001,0.46885,1.000000000001,1.0000612323399569e-12,1.0000612323399569e-12,90.0,90.0,1.0,basement,bottom_series,4,3
7,450.0,50.0,-650.0,0.46885,0.5001,0.46885,1.000000000001,1.0000612323399569e-12,1.0000612323399569e-12,90.0,90.0,1.0,basement,bottom_series,4,3