,X,Y,Z,X_r,Y_r,Z_r,G_x,G_y,G_z,dip,azimuth,polarity,surface,series,id,order_series
0,200.0,50.0,0.0,0.3126,0.5001,0.9999,1e-12,1e-12,1.000000000001,0.0,0.0,1.0,top_surface,top_series,1,1
1,500.0,50.0,-200.0,0.5001,0.5001,0.7501,1e-12,1e-12,1.000000000001,0.0,0.0,1.0,layer1,middle_series,2,2
2,600.0,50.0,-600.0,0.5626,0.5001,0.4376,0.766044443119978,1.0000469066937634e-12,0.6427876096875393,50.0,90.0,1.0,layer2,middle_series,3,2
3,250.0,50.0,-800.0,0.3436,0.5001,0.3126,1.000000000001,1.0000612323399569e-12,1.0000612323399569e-12,90.0,90.0,1.0,layer2,middle_series,3,2
4,250.0,50.0,-1000.0,0.3436,0.5001,0.2501,1e-12,1e-12,1.000000000001,0.0,0.0,1.0,basement,basement_series,4,3
5,850.0,50.0,-300.0,0.7186,0.5001,0.6876,1.000000000001,2.3054614646942163e-12,1.0000612323399569e-12,90.0,89.9999999999252,1.0,intrusion,intrusion_series,5,4
6,900.0,50.0,-500.0,0.7501,0.5001,0.5626,0.766044443119978,1.0000469066937634e-12,0.6427876096875393,49.99999999992522,89.9999999999252,1.0,intrusion,intrusion_series,5,4