,X,Y,Z,X_r,Y_r,Z_r,G_x,G_y,G_z,dip,azimuth,polarity,surface,series,id,order_series
0,250.0,50.0,-100.0,0.34375,0.5001,0.4376,1e-12,1e-12,1.000000000001,0.0,0.0,1.0,top_surface,top_series,1,1
1,550.0,50.0,-100.0,0.53135,0.5001,0.4376,1e-12,1e-12,1.000000000001,0.0,0.0,1.0,top_surface,top_series,1,1
2,350.0,50.0,-250.0,0.40625,0.5001,0.3126,1e-12,1e-12,1.000000000001,0.0,0.0,1.0,layer1,middle_series,2,2
3,650.0,50.0,-250.0,0.59385,0.5001,0.3126,1e-12,1e-12,1.000000000001,0.0,0.0,1.0,layer1,middle_series,2,2
4,300.0,50.0,-450.0,0.3751,0.5001,0.2501,1e-12,1e-12,1.000000000001,0.0,0.0,1.0,layer2,bottom_series,3,3
5,600.0,50.0,-450.0,0.5626,0.5001,0.2501,1e-12,1e-12,1.000000000001,0.0,0.0,1.0,layer2,bottom_series,3,3
6,200.0,50.0,-650.0,0.3126,0.5001,0.1251,1.000000000001,1.0000612323399569e-12,1.0000612323399569e-12,90.0,90.0,1.0,basement,basement_series,4,4
7,500.0,50.0,-650.0,0.5001,0.5001,0.1251,1.000000000001,1.0000612323399569e-12,1.0000612323399569e-12,90.0,90.0,1.0,basement,basement_series,4,4
8,400.0,50.0,-200.0,0.4376,0.5001,0.3751,0.766044443119978,1.0000469066937634e-12,0.6427876096875393,40.0,90.0,1.0,layer1,middle_series,2,2
9,100.0,50.0,-300.0,0.2501,0.5001,0.3126,0.766044443119978,1.0000469066937634e-12,0.6427876096875393,40.0,90.0,1.0,layer1,middle_series,2,2
10,700.0,50.0,-350.0,0.6251,0.5001,0.28125,0.766044443119978,1.0000469066937634e-12,0.6427876096875393,40.0,90.0,1.0,layer1,middle_series,2,2