,X,Y,Z,X_r,Y_r,Z_r,G_x,G_y,G_z,dip,azimuth,polarity,surface,series,id,order_series
0,500.0,500.0,0.0,0.5,0.5,1.0,0.0,0.0,1.0,0.0,0.0,1.0,R1,R1_series,1,1
1,500.0,500.0,-500.0,0.5,0.5,0.5,0.0,0.0,1.0,0.0,0.0,1.0,R2,R2_series,2,2
2,500.0,500.0,-700.0,0.5,0.5,0.3,0.0,0.0,1.0,0.0,0.0,1.0,R3,R3_series,3,3
3,500.0,500.0,-800.0,0.5,0.5,0.2,0.707106781,0.0,0.707106781,45.0,90.0,1.0,R4,R4_series,4,4
4,500.0,500.0,-900.0,0.5,0.5,0.1,0.707106781,0.0,0.707106781,45.0,90.0,1.0,R5,R5_series,5,5
5,500.0,500.0,-1000.0,0.5,0.5,0.0,0.707106781,0.0,0.707106781,45.0,90.0,1.0,R6,R6_series,6,6
6,500.0,500.0,-1100.0,0.5,0.5,-0.1,0.707106781,0.0,0.707106781,45.0,90.0,1.0,R7,R7_series,7,7
7,500.0,500.0,-1200.0,0.5,0.5,-0.2,0.707106781,0.0,0.707106781,45.0,90.0,1.0,R8,R8_series,8,8