,X,Y,Z,X_r,Y_r,Z_r,G_x,G_y,G_z,dip,azimuth,polarity,surface,series,id,order_series
0,250.0,50.0,-300.0,0.3751,0.5001,0.7501,1e-12,1e-12,1.000000000001,0.0,0.0,1.0,top_surface,top_series,1,1
1,525.0,50.0,-300.0,0.5626,0.5001,0.7501,1e-12,1e-12,1.000000000001,0.0,0.0,1.0,top_surface,top_series,1,1
2,350.0,50.0,-600.0,0.4376,0.5001,0.59385,1e-12,1e-12,1.000000000001,0.0,0.0,1.0,layer1,middle_series,2,2
3,550.0,50.0,-600.0,0.59385,0.5001,0.59385,1e-12,1e-12,1.000000000001,0.0,0.0,1.0,layer1,middle_series,2,2
4,450.0,50.0,-900.0,0.5001,0.5001,0.4376,1e-12,1e-12,1.000000000001,0.0,0.0,1.0,layer2,middle_series,3,2
5,175.0,50.0,-400.0,0.3126,0.5001,0.6251,1.000000000001,1.0000612323399569e-12,1.0000612323399569e-12,90.0,90.0,1.0,intrusion,intrusion_series,4,3
6,275.0,50.0,-700.0,0.40625,0.5001,0.4376,0.766044443119978,1.0000469066937634e-12,0.6427876096875393,50.0,90.0,1.0,intrusion,intrusion_series,4,3
7,500.0,50.0,-1000.0,0.53135,0.5001,0.2501,1.000000000001,2.3054614646942163e-12,1.0000612323399569e-12,90.0,89.9999999999252,1.0,basement,basement_series,5,4
8,750.0,50.0,-500.0,0.7501,0.5001,0.5626,1e-12,1e-12,1.000000000001,0.0,0.0,1.0,layer3,middle_series,6,2
9,400.0,50.0,-800.0,0.46885,0.5001,0.5001,0.766044443119978,1.0000469066937634e-12,0.6427876096875393,50.0,90.0,1.0,layer2,middle_series,3,2
10,650.0,50.0,-400.0,0.6876,0.5001,0.6251,1e-12,1e-12,1.000000000001,0.0,0.0,1.0,layer3,middle_series,6,2