,X,Y,Z,X_r,Y_r,Z_r,surface,series,id,order_series
0,100.0,0.0,0.0,0.2501,0.46885,1.0,top_surface,top_series,1,1
1,100.0,100.0,0.0,0.2501,0.53135,1.0,top_surface,top_series,1,1
2,400.0,0.0,0.0,0.4376,0.46885,1.0,top_surface,top_series,1,1
3,400.0,100.0,0.0,0.4376,0.53135,1.0,top_surface,top_series,1,1
4,700.0,0.0,0.0,0.6251,0.46885,1.0,top_surface,top_series,1,1
5,700.0,100.0,0.0,0.6251,0.53135,1.0,top_surface,top_series,1,1
6,200.0,0.0,-200.0,0.3126,0.46885,0.7501,layer1,middle_series,2,2
7,200.0,100.0,-200.0,0.3126,0.53135,0.7501,layer1,middle_series,2,2
8,500.0,0.0,-200.0,0.5001,0.46885,0.7501,layer1,middle_series,2,2
9,500.0,100.0,-200.0,0.5001,0.53135,0.7501,layer1,middle_series,2,2
10,600.0,0.0,-400.0,0.5626,0.46885,0.6251,layer2,middle_series,3,2
11,600.0,100.0,-400.0,0.5626,0.53135,0.6251,layer2,middle_series,3,2
12,300.0,0.0,-400.0,0.3751,0.46885,0.6251,layer2,middle_series,3,2
13,300.0,100.0,-400.0,0.3751,0.53135,0.6251,layer2,middle_series,3,2
14,150.0,0.0,-600.0,0.28135,0.46885,0.5,basement_layer,bottom_series,4,3
15,150.0,100.0,-600.0,0.28135,0.53135,0.5,basement_layer,bottom_series,4,3
16,450.0,0.0,-600.0,0.46885,0.46885,0.5,basement_layer,bottom_series,4,3
17,450.0,100.0,-600.0,0.46885,0.53135,0.5,basement_layer,bottom_series,4,3
18,250.0,0.0,-800.0,0.3436,0.46885,0.3751,intrusion,intrusion_series,5,4
19,250.0,100.0,-800.0,0.3436,0.53135,0.3751,intrusion,intrusion_series,5,4
20,550.0,0.0,-800.0,0.53135,0.46885,0.3751,intrusion,intrusion_series,5,4
21,550.0,100.0,-800.0,0.53135,0.53135,0.3751,intrusion,intrusion_series,5,4