,X,Y,Z,X_r,Y_r,Z_r,surface,series,id,order_series
0,100.0,0.0,0.0,0.2501,0.46885,0.9999,top_surface,top_series,1,1
1,100.0,100.0,0.0,0.2501,0.53135,0.9999,top_surface,top_series,1,1
2,300.0,0.0,0.0,0.3751,0.46885,0.9999,top_surface,top_series,1,1
3,300.0,100.0,0.0,0.3751,0.53135,0.9999,top_surface,top_series,1,1
4,500.0,0.0,-200.0,0.5001,0.46885,0.7501,layer1,middle_series,2,2
5,500.0,100.0,-200.0,0.5001,0.53135,0.7501,layer1,middle_series,2,2
6,700.0,0.0,-400.0,0.6251,0.46885,0.59385,layer1,middle_series,2,2
7,700.0,100.0,-400.0,0.6251,0.53135,0.59385,layer1,middle_series,2,2
8,200.0,0.0,-500.0,0.3126,0.46885,0.5626,layer2,middle_series,3,2
9,200.0,100.0,-500.0,0.3126,0.53135,0.5626,layer2,middle_series,3,2
10,600.0,0.0,-600.0,0.5626,0.46885,0.4376,layer2,middle_series,3,2
11,600.0,100.0,-600.0,0.5626,0.53135,0.4376,layer2,middle_series,3,2
12,400.0,0.0,-800.0,0.46885,0.46885,0.3126,basement_surface,basement_series,4,3
13,400.0,100.0,-800.0,0.46885,0.53135,0.3126,basement_surface,basement_series,4,3
14,800.0,0.0,-800.0,0.6876,0.46885,0.3126,basement_surface,basement_series,4,3
15,800.0,100.0,-800.0,0.6876,0.53135,0.3126,basement_surface,basement_series,4,3
16,250.0,0.0,-200.0,0.34335,0.46885,0.7501,intrusion,intrusion_series,5,4
17,250.0,100.0,-200.0,0.34335,0.53135,0.7501,intrusion,intrusion_series,5,4
18,550.0,0.0,-500.0,0.53135,0.46885,0.5626,intrusion,intrusion_series,5,4
19,550.0,100.0,-500.0,0.53135,0.53135,0.5626,intrusion,intrusion_series,5,4